{"cameraMode":{"drawMode":0,"name":"Shaded","section":"Shading Mode"},"sceneLighting":true,"audioPlay":false,"sceneViewState":{"m_AlwaysRefresh":false,"showFog":true,"showSkybox":true,"showFlares":true,"showImageEffects":true,"showParticleSystems":true,"showVisualEffectGraphs":true,"m_FxEnabled":true},"in2DMode":false,"pivot":{"x":4.846939563751221,"y":1.6162453889846802,"z":0.14244921505451203},"rotation":{"x":0.06174871325492859,"y":-0.025453845039010049,"z":0.001576184295117855,"w":0.9977428913116455},"size":8.533056259155274,"orthographic":false}