{"cameraMode":{"drawMode":0,"name":"Shaded","section":"Shading Mode"},"sceneLighting":true,"audioPlay":false,"sceneViewState":{"m_AlwaysRefresh":false,"showFog":true,"showSkybox":true,"showFlares":true,"showImageEffects":true,"showParticleSystems":true,"showVisualEffectGraphs":true,"m_FxEnabled":true},"in2DMode":false,"pivot":{"x":2.3121471405029299,"y":0.8709046840667725,"z":-0.07969856262207031},"rotation":{"x":0.06174871325492859,"y":-0.025453845039010049,"z":0.001576184295117855,"w":0.9977428913116455},"size":6.148062229156494,"orthographic":false}